Time,sunday,monday,tuesday,wednesday,thursday,friday,saturda
7,,,,,,
8,,George Jones|,John Lennon|Cael Hall|,John Lennon|James Smith|George Jones|Cael Hall|,Emily Clark|Cael Hall|,George Jones|Cael Hall|
9,,John Lennon|,Samuel Jackson|Tom Hall|,Tom Hall|,Mary Miller|Tom Hall|,Emily Clark|Mary Miller|Tom Hall|
10,,George Jones|,Cael Hall|,John Lennon|James Smith|George Jones|Cael Hall|,John Lennon|Emily Clark|Samuel Jackson|Cael Hall|,James Smith|George Jones|Cael Hall|
11,James Smith|George Jones|Samuel Jackson|Bruce Wayne|Tom Hall|Samantha Brown|,Emily Clark|Samuel Jackson|Samantha Brown|,Samuel Jackson|Tom Hall|Samantha Brown|,Emily Clark|Samuel Jackson|Tom Hall|Samantha Brown|,James Smith|Mary Miller|Tom Hall|Samantha Brown|,John Lennon|Emily Clark|Mary Miller|Tom Hall|Samantha Brown|Clark Kent|
12,Emily Clark|Ben Affleck|Randy Clooney|,Mary Miller|Ben Affleck|Jayden Hall|Randy Clooney|,John Lennon|Emily Clark|Mary Miller|Ben Affleck|,John Lennon|Mary Miller|Ben Affleck|Randy Clooney|,Samuel Jackson|Ben Affleck|Randy Clooney|,James Smith|Ben Affleck|Randy Clooney|
13,James Smith|George Jones|Mary Miller|Samuel Jackson|Bruce Wayne|,James Smith|Emily Clark|Samuel Jackson|Barry Allen|Abigail Thompson|,Barry Allen|Abigail Thompson|,Emily Clark|Samuel Jackson|Abigail Thompson|,James Smith|Abigail Thompson|Clark Kent|,John Lennon|Mary Miller|Clark Kent|
14,Emily Clark|Ben Affleck|Randy Clooney|Kandice Birgy|,Mary Miller|Ben Affleck|Jayden Hall|Randy Clooney|,John Lennon|Emily Clark|Mary Miller|Ben Affleck|,Mary Miller|Ben Affleck|Randy Clooney|,Ben Affleck|Randy Clooney|,Ben Affleck|Barry Allen|Randy Clooney|
15,Mary Miller|Samuel Jackson|Jayden Hall|Bruce Wayne|,James Smith|John Brown|Samuel Jackson|Barry Allen|Abigail Thompson|,James Smith|John Brown|Jayden Hall|Barry Allen|Abigail Thompson|Kandice Birgy|,John Brown|Abigail Thompson|Clark Kent|Kandice Birgy|,Jayden Hall|Abigail Thompson|Clark Kent|Kandice Birgy|,John Brown|Kandice Birgy|
16,Barry Allen|Kandice Birgy|,,,,Barry Allen|,Samuel Jackson|Barry Allen|
17,Jayden Hall|Bruce Wayne|,John Brown|,John Brown|Chris Hatchell|Jayden Hall|Clark Kent|Kandice Birgy|,John Brown|Clark Kent|Kandice Birgy|,John Brown|Jayden Hall|,John Brown|Chris Hatchell|
18,Jake Doe|Chris Hatchell|Barry Allen|,Jake Doe|Chris Hatchell|Clark Kent|,Jake Doe|,Jake Doe|Jayden Hall|,Jake Doe|Barry Allen|,Samuel Jackson|
19,John Brown|,Isabel Ham|,Chris Hatchell|Isabel Ham|Clark Kent|,Isabel Ham|,John Brown|Isabel Ham|,John Brown|Chris Hatchell|
20,Jake Doe|,Jake Doe|Clark Kent|,Jake Doe|,Jake Doe|Jayden Hall|,Jake Doe|,Samuel Jackson|
21,John Brown|,Isabel Ham|,Isabel Ham|,Isabel Ham|,John Brown|Isabel Ham|,Randy Clooney|
22,Jake Doe|,Jake Doe|,Jake Doe|,Jake Doe|,Jake Doe|,
23,,,,,,
